{"id":"9e3e4df7-d3a6-4e40-a3c3-e357d0404233","revision":0,"last_node_id":116,"last_link_id":239,"nodes":[{"id":8,"type":"LyingSigmaSampler","pos":[2360,-90],"size":[280,130],"flags":{},"order":15,"mode":0,"inputs":[{"localized_name":"sampler","name":"sampler","type":"SAMPLER","link":5},{"localized_name":"dishonesty_factor","name":"dishonesty_factor","type":"FLOAT","widget":{"name":"dishonesty_factor"},"link":null},{"localized_name":"start_percent","name":"start_percent","shape":7,"type":"FLOAT","widget":{"name":"start_percent"},"link":null},{"localized_name":"end_percent","name":"end_percent","shape":7,"type":"FLOAT","widget":{"name":"end_percent"},"link":null}],"outputs":[{"localized_name":"SAMPLER","name":"SAMPLER","type":"SAMPLER","slot_index":0,"links":[9]}],"properties":{"cnr_id":"comfyui-detail-daemon","ver":"f391accbda2d309cdcbec65cb9fcc80a41197b20","Node name for S&R":"LyingSigmaSampler","ttNbgOverride":{"color":"#1f1f48","bgcolor":"rgba(24,24,27,.9)","groupcolor":"#88A"}},"widgets_values":[-0.010000000000000002,0.05,0.9],"color":"#945470","bgcolor":"#6d3247","shape":1},{"id":14,"type":"MultiplySigmas","pos":[2360,80],"size":[280,130],"flags":{},"order":36,"mode":0,"inputs":[{"localized_name":"sigmas","name":"sigmas","type":"SIGMAS","link":10},{"localized_name":"factor","name":"factor","type":"FLOAT","widget":{"name":"factor"},"link":null},{"localized_name":"start","name":"start","type":"FLOAT","widget":{"name":"start"},"link":null},{"localized_name":"end","name":"end","type":"FLOAT","widget":{"name":"end"},"link":null}],"outputs":[{"localized_name":"SIGMAS","name":"SIGMAS","type":"SIGMAS","slot_index":0,"links":[39]}],"properties":{"cnr_id":"comfyui-detail-daemon","ver":"f391accbda2d309cdcbec65cb9fcc80a41197b20","Node name for S&R":"MultiplySigmas","ttNbgOverride":{"color":"#1f1f48","bgcolor":"rgba(24,24,27,.9)","groupcolor":"#88A"}},"widgets_values":[1.0050000000000003,0,1],"color":"#945470","bgcolor":"#6d3247","shape":1},{"id":13,"type":"DetailDaemonSamplerNode","pos":[2360,-420],"size":[280,290],"flags":{},"order":22,"mode":0,"inputs":[{"localized_name":"sampler","name":"sampler","type":"SAMPLER","link":9},{"localized_name":"detail_amount","name":"detail_amount","type":"FLOAT","widget":{"name":"detail_amount"},"link":null},{"localized_name":"start","name":"start","type":"FLOAT","widget":{"name":"start"},"link":null},{"localized_name":"end","name":"end","type":"FLOAT","widget":{"name":"end"},"link":null},{"localized_name":"bias","name":"bias","type":"FLOAT","widget":{"name":"bias"},"link":null},{"localized_name":"exponent","name":"exponent","type":"FLOAT","widget":{"name":"exponent"},"link":null},{"localized_name":"start_offset","name":"start_offset","type":"FLOAT","widget":{"name":"start_offset"},"link":null},{"localized_name":"end_offset","name":"end_offset","type":"FLOAT","widget":{"name":"end_offset"},"link":null},{"localized_name":"fade","name":"fade","type":"FLOAT","widget":{"name":"fade"},"link":null},{"localized_name":"smooth","name":"smooth","type":"BOOLEAN","widget":{"name":"smooth"},"link":null},{"localized_name":"cfg_scale_override","name":"cfg_scale_override","type":"FLOAT","widget":{"name":"cfg_scale_override"},"link":null}],"outputs":[{"localized_name":"SAMPLER","name":"SAMPLER","type":"SAMPLER","slot_index":0,"links":[38]}],"properties":{"cnr_id":"comfyui-detail-daemon","ver":"f391accbda2d309cdcbec65cb9fcc80a41197b20","Node name for S&R":"DetailDaemonSamplerNode","ttNbgOverride":{"color":"#1f1f48","bgcolor":"rgba(24,24,27,.9)","groupcolor":"#88A"}},"widgets_values":[0.05000000000000001,0.1,0.9,0.5000000000000001,0,0,0,0,false,0],"color":"#945470","bgcolor":"#6d3247","shape":1},{"id":12,"type":"KSamplerSelect","pos":[2030,-50],"size":[300,80],"flags":{},"order":0,"mode":0,"inputs":[{"localized_name":"sampler_name","name":"sampler_name","type":"COMBO","widget":{"name":"sampler_name"},"link":null}],"outputs":[{"localized_name":"SAMPLER","name":"SAMPLER","type":"SAMPLER","links":[5]}],"properties":{"cnr_id":"comfy-core","ver":"0.3.26","Node name for S&R":"KSamplerSelect"},"widgets_values":["euler"],"color":"#841c6f","bgcolor":"#55002b","shape":1},{"id":11,"type":"BasicScheduler","pos":[2030,-230],"size":[300,140],"flags":{},"order":34,"mode":0,"inputs":[{"localized_name":"model","name":"model","type":"MODEL","link":8},{"localized_name":"scheduler","name":"scheduler","type":"COMBO","widget":{"name":"scheduler"},"link":null},{"localized_name":"steps","name":"steps","type":"INT","widget":{"name":"steps"},"link":null},{"localized_name":"denoise","name":"denoise","type":"FLOAT","widget":{"name":"denoise"},"link":null}],"outputs":[{"localized_name":"SIGMAS","name":"SIGMAS","type":"SIGMAS","slot_index":0,"links":[10]}],"properties":{"cnr_id":"comfy-core","ver":"0.3.26","Node name for S&R":"BasicScheduler"},"widgets_values":["beta",30,1],"color":"#841c6f","bgcolor":"#55002b","shape":1},{"id":35,"type":"RandomNoise","pos":[2030,-420],"size":[300,150],"flags":{},"order":1,"mode":0,"inputs":[{"localized_name":"noise_seed","name":"noise_seed","type":"INT","widget":{"name":"noise_seed"},"link":null}],"outputs":[{"localized_name":"NOISE","name":"NOISE","type":"NOISE","slot_index":0,"links":[36]}],"properties":{"cnr_id":"comfy-core","ver":"0.3.26","Node name for S&R":"RandomNoise"},"widgets_values":[826289029708640,"randomize"],"color":"#841c6f","bgcolor":"#55002b","shape":1},{"id":38,"type":"SamplerCustomAdvanced","pos":[590,800],"size":[350,500],"flags":{},"order":39,"mode":0,"inputs":[{"localized_name":"noise","name":"noise","type":"NOISE","link":36},{"localized_name":"guider","name":"guider","type":"GUIDER","link":221},{"localized_name":"sampler","name":"sampler","type":"SAMPLER","link":38},{"localized_name":"sigmas","name":"sigmas","type":"SIGMAS","link":39},{"localized_name":"latent_image","name":"latent_image","type":"LATENT","link":40}],"outputs":[{"localized_name":"output","name":"output","type":"LATENT","slot_index":0,"links":[27,44]},{"localized_name":"denoised_output","name":"denoised_output","type":"LATENT","links":null}],"properties":{"cnr_id":"comfy-core","ver":"0.3.26","Node name for S&R":"SamplerCustomAdvanced"},"widgets_values":[],"color":"#19445b","bgcolor":"#246283","shape":1},{"id":68,"type":"VAEEncode","pos":[1570,120],"size":[140,90],"flags":{"collapsed":false},"order":28,"mode":0,"inputs":[{"localized_name":"pixels","name":"pixels","type":"IMAGE","link":79},{"localized_name":"vae","name":"vae","type":"VAE","link":105}],"outputs":[{"localized_name":"LATENT","name":"LATENT","type":"LATENT","links":[80]}],"properties":{"cnr_id":"comfy-core","ver":"0.3.39","Node name for S&R":"VAEEncode"},"widgets_values":[],"color":"#5C4717FF","bgcolor":"#846621FF","shape":1},{"id":71,"type":"NunchakuFluxLoraLoader","pos":[1690,-290],"size":[310,90],"flags":{},"order":26,"mode":0,"inputs":[{"localized_name":"model","name":"model","type":"MODEL","link":97},{"localized_name":"lora_name","name":"lora_name","type":"COMBO","widget":{"name":"lora_name"},"link":null},{"localized_name":"lora_strength","name":"lora_strength","type":"FLOAT","widget":{"name":"lora_strength"},"link":null}],"outputs":[{"localized_name":"MODEL","name":"MODEL","type":"MODEL","links":[180]}],"properties":{"cnr_id":"comfyui-nunchaku","ver":"0.3.3","Node name for S&R":"NunchakuFluxLoraLoader"},"widgets_values":["Flux\\Kontext\\kontext-turnaround-sheet-v1.safetensors",0],"color":"#1E003BFF","bgcolor":"#2B0055FF","shape":1},{"id":48,"type":"FluxGuidance","pos":[1930,120],"size":[210,90],"flags":{},"order":35,"mode":0,"inputs":[{"localized_name":"conditioning","name":"conditioning","type":"CONDITIONING","link":213},{"localized_name":"guidance","name":"guidance","type":"FLOAT","widget":{"name":"guidance"},"link":null}],"outputs":[{"localized_name":"CONDITIONING","name":"CONDITIONING","type":"CONDITIONING","slot_index":0,"links":[106,107,201]}],"properties":{"cnr_id":"comfy-core","ver":"0.3.26","Node name for S&R":"FluxGuidance"},"widgets_values":[2],"color":"#5C4717FF","bgcolor":"#846621FF","shape":1},{"id":49,"type":"ModelSamplingFlux","pos":[1690,-160],"size":[310,190],"flags":{},"order":31,"mode":0,"inputs":[{"localized_name":"model","name":"model","type":"MODEL","link":181},{"localized_name":"max_shift","name":"max_shift","type":"FLOAT","widget":{"name":"max_shift"},"link":null},{"localized_name":"base_shift","name":"base_shift","type":"FLOAT","widget":{"name":"base_shift"},"link":null},{"localized_name":"width","name":"width","type":"INT","widget":{"name":"width"},"link":56},{"localized_name":"height","name":"height","type":"INT","widget":{"name":"height"},"link":57}],"outputs":[{"localized_name":"MODEL","name":"MODEL","type":"MODEL","slot_index":0,"links":[8,108,214]}],"properties":{"cnr_id":"comfy-core","ver":"0.3.26","Node name for S&R":"ModelSamplingFlux"},"widgets_values":[1.2500000000000002,0.7500000000000001,1024,1024],"color":"#1E003BFF","bgcolor":"#2B0055FF","shape":1},{"id":69,"type":"ReferenceLatent","pos":[1720,120],"size":[200,90],"flags":{},"order":32,"mode":0,"inputs":[{"localized_name":"conditioning","name":"conditioning","type":"CONDITIONING","link":220},{"localized_name":"latent","name":"latent","shape":7,"type":"LATENT","link":80}],"outputs":[{"localized_name":"CONDITIONING","name":"CONDITIONING","type":"CONDITIONING","links":[213]}],"properties":{"cnr_id":"comfy-core","ver":"0.3.41","Node name for S&R":"ReferenceLatent"},"widgets_values":[],"color":"#5C4717FF","bgcolor":"#846621FF","shape":1},{"id":42,"type":"CLIPTextEncode","pos":[1350,120],"size":[210.29940795898438,90],"flags":{"collapsed":false},"order":27,"mode":0,"inputs":[{"localized_name":"clip","name":"clip","type":"CLIP","link":95},{"localized_name":"text","name":"text","type":"STRING","widget":{"name":"text"},"link":229}],"outputs":[{"localized_name":"CONDITIONING","name":"CONDITIONING","type":"CONDITIONING","slot_index":0,"links":[136]}],"properties":{"cnr_id":"comfy-core","ver":"0.3.26","Node name for S&R":"CLIPTextEncode"},"widgets_values":[""],"color":"#5C4717FF","bgcolor":"#846621FF","shape":1},{"id":9,"type":"BasicGuider","pos":[2150,120],"size":[180,90],"flags":{"collapsed":false},"order":38,"mode":0,"inputs":[{"localized_name":"model","name":"model","type":"MODEL","link":214},{"localized_name":"conditioning","name":"conditioning","type":"CONDITIONING","link":201}],"outputs":[{"localized_name":"GUIDER","name":"GUIDER","type":"GUIDER","slot_index":0,"links":[221]}],"title":"Basic Flux Condition","properties":{"cnr_id":"comfy-core","ver":"0.3.26","Node name for S&R":"BasicGuider"},"widgets_values":[],"color":"#5C4717FF","bgcolor":"#846621FF","shape":1},{"id":28,"type":"VAEDecode","pos":[590,1340],"size":[350,90],"flags":{},"order":40,"mode":0,"inputs":[{"localized_name":"samples","name":"samples","type":"LATENT","link":27},{"localized_name":"vae","name":"vae","type":"VAE","link":102}],"outputs":[{"localized_name":"IMAGE","name":"IMAGE","type":"IMAGE","slot_index":0,"links":[1,223]}],"properties":{"cnr_id":"comfy-core","ver":"0.3.26","Node name for S&R":"VAEDecode"},"widgets_values":[],"color":"#19445b","bgcolor":"#246283","shape":1},{"id":52,"type":"UpscaleModelLoader","pos":[1510,800],"size":[280,70],"flags":{},"order":2,"mode":0,"inputs":[{"localized_name":"model_name","name":"model_name","type":"COMBO","widget":{"name":"model_name"},"link":null}],"outputs":[{"localized_name":"UPSCALE_MODEL","name":"UPSCALE_MODEL","type":"UPSCALE_MODEL","links":[63]}],"title":"Flux Upscale Model","properties":{"cnr_id":"comfy-core","ver":"0.3.15","Node name for S&R":"UpscaleModelLoader"},"widgets_values":["4x-UltraSharp.pth"],"color":"#154A49FF","bgcolor":"#1F6A69FF","shape":1},{"id":7,"type":"ConditioningZeroOut","pos":[1510,910],"size":[280,50],"flags":{},"order":37,"mode":0,"inputs":[{"localized_name":"conditioning","name":"conditioning","type":"CONDITIONING","link":106}],"outputs":[{"localized_name":"CONDITIONING","name":"CONDITIONING","type":"CONDITIONING","slot_index":0,"links":[61]}],"properties":{"cnr_id":"comfy-core","ver":"0.3.15","Node name for S&R":"ConditioningZeroOut"},"widgets_values":[],"color":"#154A49FF","bgcolor":"#1F6A69FF","shape":1},{"id":40,"type":"VAEDecode","pos":[1510,1000],"size":[280,50],"flags":{},"order":41,"mode":0,"inputs":[{"localized_name":"samples","name":"samples","type":"LATENT","link":44},{"localized_name":"vae","name":"vae","type":"VAE","link":103}],"outputs":[{"localized_name":"IMAGE","name":"IMAGE","type":"IMAGE","slot_index":0,"links":[58]}],"title":"Flux Image Out","properties":{"cnr_id":"comfy-core","ver":"0.3.15","Node name for S&R":"VAEDecode"},"widgets_values":[],"color":"#154A49FF","bgcolor":"#1F6A69FF","shape":1},{"id":103,"type":"GetImageSize","pos":[1510,1090],"size":[280,136],"flags":{},"order":43,"mode":0,"inputs":[{"localized_name":"image","name":"image","type":"IMAGE","link":223}],"outputs":[{"localized_name":"width","name":"width","type":"INT","links":[224]},{"localized_name":"height","name":"height","type":"INT","links":[225]},{"localized_name":"batch_size","name":"batch_size","type":"INT","links":null}],"properties":{"cnr_id":"comfy-core","ver":"0.3.44","Node name for S&R":"GetImageSize"},"widgets_values":["width: 1024, height: 1024\n batch size: 1"],"color":"#154A49FF","bgcolor":"#1F6A69FF","shape":1},{"id":73,"type":"CLIPVisionLoader","pos":[2040,300],"size":[270,90],"flags":{},"order":3,"mode":0,"inputs":[{"localized_name":"clip_name","name":"clip_name","type":"COMBO","widget":{"name":"clip_name"},"link":null}],"outputs":[{"localized_name":"CLIP_VISION","name":"CLIP_VISION","type":"CLIP_VISION","links":[110,179]}],"properties":{"cnr_id":"comfy-core","ver":"0.3.44","Node name for S&R":"CLIPVisionLoader"},"widgets_values":["clip_vision_h.safetensors"],"color":"#325153FF","bgcolor":"#487577FF","shape":1},{"id":5,"type":"Int Literal","pos":[990,350],"size":[330,70],"flags":{},"order":4,"mode":0,"inputs":[{"localized_name":"int","name":"int","type":"INT","widget":{"name":"int"},"link":null}],"outputs":[{"localized_name":"INT","name":"INT","type":"INT","slot_index":0,"links":[12,57]}],"title":"Height","properties":{"cnr_id":"comfy-image-saver","ver":"65e6903eff274a50f8b5cd768f0f96baf37baea1","Node name for S&R":"Int Literal"},"widgets_values":[1024],"color":"#00324AFF","bgcolor":"#00486AFF","shape":1},{"id":4,"type":"Int Literal","pos":[990,240],"size":[330,70],"flags":{},"order":5,"mode":0,"inputs":[{"localized_name":"int","name":"int","type":"INT","widget":{"name":"int"},"link":null}],"outputs":[{"localized_name":"INT","name":"INT","type":"INT","slot_index":0,"links":[11,56]}],"title":"Width","properties":{"cnr_id":"comfy-image-saver","ver":"65e6903eff274a50f8b5cd768f0f96baf37baea1","Node name for S&R":"Int Literal"},"widgets_values":[1024],"color":"#00324AFF","bgcolor":"#00486AFF","shape":1},{"id":10,"type":"VAELoader","pos":[990,130],"size":[330,70],"flags":{},"order":6,"mode":0,"inputs":[{"localized_name":"vae_name","name":"vae_name","type":"COMBO","widget":{"name":"vae_name"},"link":null}],"outputs":[{"localized_name":"VAE","name":"VAE","type":"VAE","slot_index":0,"links":[102,103,104,105]}],"properties":{"cnr_id":"comfy-core","ver":"0.3.26","Node name for S&R":"VAELoader"},"widgets_values":["ae.safetensors"],"color":"#00324AFF","bgcolor":"#00486AFF","shape":1},{"id":15,"type":"EmptyLatentImage","pos":[990,460],"size":[330,110],"flags":{},"order":16,"mode":0,"inputs":[{"localized_name":"width","name":"width","type":"INT","widget":{"name":"width"},"link":11},{"localized_name":"height","name":"height","type":"INT","widget":{"name":"height"},"link":12},{"localized_name":"batch_size","name":"batch_size","type":"INT","widget":{"name":"batch_size"},"link":null}],"outputs":[{"localized_name":"LATENT","name":"LATENT","type":"LATENT","slot_index":0,"links":[40]}],"properties":{"cnr_id":"comfy-core","ver":"0.3.26","Node name for S&R":"EmptyLatentImage"},"widgets_values":[832,1216,1],"color":"#00324AFF","bgcolor":"#00486AFF","shape":1},{"id":51,"type":"DualCLIPLoader","pos":[990,-50],"size":[330,140],"flags":{},"order":7,"mode":0,"inputs":[{"localized_name":"clip_name1","name":"clip_name1","type":"COMBO","widget":{"name":"clip_name1"},"link":null},{"localized_name":"clip_name2","name":"clip_name2","type":"COMBO","widget":{"name":"clip_name2"},"link":null},{"localized_name":"type","name":"type","type":"COMBO","widget":{"name":"type"},"link":null},{"localized_name":"device","name":"device","shape":7,"type":"COMBO","widget":{"name":"device"},"link":null}],"outputs":[{"localized_name":"CLIP","name":"CLIP","type":"CLIP","slot_index":0,"links":[95]}],"properties":{"cnr_id":"comfy-core","ver":"0.3.26","Node name for S&R":"DualCLIPLoader"},"widgets_values":["clip_l.safetensors","t5xxl_fp16.safetensors","flux","default"],"color":"#00324AFF","bgcolor":"#00486AFF","shape":1},{"id":62,"type":"NunchakuFluxDiTLoader","pos":[990,-420],"size":[330,210],"flags":{},"order":8,"mode":0,"inputs":[{"localized_name":"model_path","name":"model_path","type":"COMBO","widget":{"name":"model_path"},"link":null},{"localized_name":"cache_threshold","name":"cache_threshold","type":"FLOAT","widget":{"name":"cache_threshold"},"link":null},{"localized_name":"attention","name":"attention","type":"COMBO","widget":{"name":"attention"},"link":null},{"localized_name":"cpu_offload","name":"cpu_offload","type":"COMBO","widget":{"name":"cpu_offload"},"link":null},{"localized_name":"device_id","name":"device_id","type":"INT","widget":{"name":"device_id"},"link":null},{"localized_name":"data_type","name":"data_type","type":"COMBO","widget":{"name":"data_type"},"link":null},{"localized_name":"i2f_mode","name":"i2f_mode","shape":7,"type":"COMBO","widget":{"name":"i2f_mode"},"link":null}],"outputs":[{"localized_name":"MODEL","name":"MODEL","type":"MODEL","links":[233]}],"properties":{"cnr_id":"ComfyUI-nunchaku","ver":"3b2c771cf2f4e62f97c284bfd8f594482c5f8bc0","Node name for S&R":"NunchakuFluxDiTLoader"},"widgets_values":["svdq-int4_r32-flux.1-kontext-dev.safetensors",0,"flash-attention2","auto",0,"float16","enabled"],"color":"#00324AFF","bgcolor":"#00486AFF","shape":1},{"id":114,"type":"UNETLoader","pos":[990,-170],"size":[330,82],"flags":{},"order":9,"mode":0,"inputs":[{"localized_name":"unet_name","name":"unet_name","type":"COMBO","widget":{"name":"unet_name"},"link":null},{"localized_name":"weight_dtype","name":"weight_dtype","type":"COMBO","widget":{"name":"weight_dtype"},"link":null}],"outputs":[{"localized_name":"MODEL","name":"MODEL","type":"MODEL","links":[234]}],"properties":{"cnr_id":"comfy-core","ver":"0.3.44","Node name for S&R":"UNETLoader"},"widgets_values":["flux1-kontext-dev.safetensors","default"],"color":"#00324AFF","bgcolor":"#00486AFF","shape":1},{"id":63,"type":"NunchakuFluxLoraLoader","pos":[1690,-420],"size":[310,90],"flags":{},"order":23,"mode":0,"inputs":[{"localized_name":"model","name":"model","type":"MODEL","link":235},{"localized_name":"lora_name","name":"lora_name","type":"COMBO","widget":{"name":"lora_name"},"link":null},{"localized_name":"lora_strength","name":"lora_strength","type":"FLOAT","widget":{"name":"lora_strength"},"link":null}],"outputs":[{"localized_name":"MODEL","name":"MODEL","type":"MODEL","links":[97]}],"properties":{"cnr_id":"comfyui-nunchaku","ver":"0.3.3","Node name for S&R":"NunchakuFluxLoraLoader"},"widgets_values":["Flux\\Style\\Dark_Ghibli.safetensors",0],"color":"#1E003BFF","bgcolor":"#2B0055FF","shape":1},{"id":67,"type":"FluxKontextImageScale","pos":[590,650],"size":[370,60],"flags":{"collapsed":false},"order":25,"mode":0,"inputs":[{"localized_name":"image","name":"image","type":"IMAGE","link":78}],"outputs":[{"localized_name":"IMAGE","name":"IMAGE","type":"IMAGE","links":[79]}],"properties":{"cnr_id":"comfy-core","ver":"0.3.38","Node name for S&R":"FluxKontextImageScale"},"widgets_values":[],"color":"#3A220EFF","bgcolor":"#543114FF","shape":1},{"id":104,"type":"Flux Image Scale To Total Pixels (Flux Safe)","pos":[990,610],"size":[330,100],"flags":{},"order":21,"mode":0,"inputs":[{"localized_name":"image","name":"image","type":"IMAGE","link":184},{"localized_name":"upscale_method","name":"upscale_method","type":"COMBO","widget":{"name":"upscale_method"},"link":null},{"localized_name":"total_megapixels","name":"total_megapixels","type":"FLOAT","widget":{"name":"total_megapixels"},"link":null}],"outputs":[{"localized_name":"IMAGE","name":"IMAGE","type":"IMAGE","links":[]}],"title":"Scale","properties":{"aux_id":"Maxed-Out-99/ComfyUI-MaxedOut","ver":"ef5e300594b2946b9d0c91b54248ecba4d43ae97","Node name for S&R":"Flux Image Scale To Total Pixels (Flux Safe)"},"widgets_values":["bicubic",1],"color":"#00324AFF","bgcolor":"#00486AFF","shape":1},{"id":115,"type":"Switch any [Crystools]","pos":[1350,300],"size":[270,78],"flags":{"collapsed":true},"order":17,"mode":0,"inputs":[{"localized_name":"on_true","name":"on_true","type":"*","link":233},{"localized_name":"on_false","name":"on_false","type":"*","link":234},{"localized_name":"boolean","name":"boolean","type":"BOOLEAN","widget":{"name":"boolean"},"link":236}],"outputs":[{"localized_name":"*","name":"*","type":"*","links":[235]}],"title":"FLUX","properties":{"cnr_id":"ComfyUI-Crystools","ver":"1156ff983b635ef506e7b79659126837a1e9d275","Node name for S&R":"Switch any [Crystools]"},"widgets_values":[true],"color":"#2a2a5b","bgcolor":"#3c3c83","shape":1},{"id":116,"type":"PrimitiveNode","pos":[1450,300],"size":[230,60],"flags":{},"order":10,"mode":0,"inputs":[],"outputs":[{"name":"BOOLEAN","type":"BOOLEAN","widget":{"name":"boolean"},"links":[236]}],"title":"Use Nunchaku","properties":{"Run widget replace on values":false},"widgets_values":[true],"color":"#2a2a5b","bgcolor":"#3c3c83","shape":1},{"id":112,"type":"Fast Bypasser (rgthree)","pos":[1350,550],"size":[330,166],"flags":{},"order":33,"mode":0,"inputs":[{"dir":3,"name":"Reference to prompt","type":"*","link":230},{"dir":3,"name":"ClipVision encode","type":"*","link":231},{"dir":3,"name":"IPAdapter","type":"*","link":232},{"dir":3,"name":"","type":"*","link":null}],"outputs":[{"dir":4,"name":"OPT_CONNECTION","type":"*","links":null}],"title":"Bypass extra detail","properties":{"toggleRestriction":"default"},"color":"#2a2a5b","bgcolor":"#3c3c83","shape":1},{"id":113,"type":"Fast Groups Bypasser (rgthree)","pos":[1350,400],"size":[330,110],"flags":{},"order":11,"mode":0,"inputs":[],"outputs":[{"name":"OPT_CONNECTION","type":"*","links":null}],"title":"Bypass groups","properties":{"matchColors":"","matchTitle":"_","showNav":true,"sort":"position","customSortAlphabet":"","toggleRestriction":"default"},"color":"#2a2a5b","bgcolor":"#3c3c83","shape":1},{"id":74,"type":"unCLIPConditioning","pos":[2040,570],"size":[270,140],"flags":{},"order":30,"mode":0,"inputs":[{"localized_name":"conditioning","name":"conditioning","type":"CONDITIONING","link":136},{"localized_name":"clip_vision_output","name":"clip_vision_output","type":"CLIP_VISION_OUTPUT","link":111},{"localized_name":"strength","name":"strength","type":"FLOAT","widget":{"name":"strength"},"link":null},{"localized_name":"noise_augmentation","name":"noise_augmentation","type":"FLOAT","widget":{"name":"noise_augmentation"},"link":null}],"outputs":[{"localized_name":"CONDITIONING","name":"CONDITIONING","type":"CONDITIONING","links":[220,231]}],"title":"ClipVision encode","properties":{"cnr_id":"comfy-core","ver":"0.3.44","Node name for S&R":"unCLIPConditioning"},"widgets_values":[0.7500000000000001,0.25000000000000006],"color":"#325153FF","bgcolor":"#487577FF","shape":1},{"id":72,"type":"CLIPVisionEncode","pos":[2040,430],"size":[270,100],"flags":{},"order":19,"mode":0,"inputs":[{"localized_name":"clip_vision","name":"clip_vision","type":"CLIP_VISION","link":110},{"localized_name":"image","name":"image","type":"IMAGE","link":239},{"localized_name":"crop","name":"crop","type":"COMBO","widget":{"name":"crop"},"link":null}],"outputs":[{"localized_name":"CLIP_VISION_OUTPUT","name":"CLIP_VISION_OUTPUT","type":"CLIP_VISION_OUTPUT","links":[111]}],"properties":{"cnr_id":"comfy-core","ver":"0.3.44","Node name for S&R":"CLIPVisionEncode"},"widgets_values":["none"],"color":"#325153FF","bgcolor":"#487577FF","shape":1},{"id":50,"type":"UltimateSDUpscale","pos":[1800,800],"size":[310,630],"flags":{"collapsed":false},"order":44,"mode":0,"inputs":[{"localized_name":"image","name":"image","type":"IMAGE","link":58},{"localized_name":"model","name":"model","type":"MODEL","link":108},{"localized_name":"positive","name":"positive","type":"CONDITIONING","link":107},{"localized_name":"negative","name":"negative","type":"CONDITIONING","link":61},{"localized_name":"vae","name":"vae","type":"VAE","link":104},{"localized_name":"upscale_model","name":"upscale_model","type":"UPSCALE_MODEL","link":63},{"localized_name":"upscale_by","name":"upscale_by","type":"FLOAT","widget":{"name":"upscale_by"},"link":null},{"localized_name":"seed","name":"seed","type":"INT","widget":{"name":"seed"},"link":null},{"localized_name":"steps","name":"steps","type":"INT","widget":{"name":"steps"},"link":null},{"localized_name":"cfg","name":"cfg","type":"FLOAT","widget":{"name":"cfg"},"link":null},{"localized_name":"sampler_name","name":"sampler_name","type":"COMBO","widget":{"name":"sampler_name"},"link":null},{"localized_name":"scheduler","name":"scheduler","type":"COMBO","widget":{"name":"scheduler"},"link":null},{"localized_name":"denoise","name":"denoise","type":"FLOAT","widget":{"name":"denoise"},"link":null},{"localized_name":"mode_type","name":"mode_type","type":"COMBO","widget":{"name":"mode_type"},"link":null},{"localized_name":"tile_width","name":"tile_width","type":"INT","widget":{"name":"tile_width"},"link":224},{"localized_name":"tile_height","name":"tile_height","type":"INT","widget":{"name":"tile_height"},"link":225},{"localized_name":"mask_blur","name":"mask_blur","type":"INT","widget":{"name":"mask_blur"},"link":null},{"localized_name":"tile_padding","name":"tile_padding","type":"INT","widget":{"name":"tile_padding"},"link":null},{"localized_name":"seam_fix_mode","name":"seam_fix_mode","type":"COMBO","widget":{"name":"seam_fix_mode"},"link":null},{"localized_name":"seam_fix_denoise","name":"seam_fix_denoise","type":"FLOAT","widget":{"name":"seam_fix_denoise"},"link":null},{"localized_name":"seam_fix_width","name":"seam_fix_width","type":"INT","widget":{"name":"seam_fix_width"},"link":null},{"localized_name":"seam_fix_mask_blur","name":"seam_fix_mask_blur","type":"INT","widget":{"name":"seam_fix_mask_blur"},"link":null},{"localized_name":"seam_fix_padding","name":"seam_fix_padding","type":"INT","widget":{"name":"seam_fix_padding"},"link":null},{"localized_name":"force_uniform_tiles","name":"force_uniform_tiles","type":"BOOLEAN","widget":{"name":"force_uniform_tiles"},"link":null},{"localized_name":"tiled_decode","name":"tiled_decode","type":"BOOLEAN","widget":{"name":"tiled_decode"},"link":null}],"outputs":[{"localized_name":"IMAGE","name":"IMAGE","type":"IMAGE","slot_index":0,"links":[72]}],"title":"Flux Upscale","properties":{"cnr_id":"comfyui_ultimatesdupscale","ver":"e7b3e631da3a30ed659cfeb55fd48cf4edfc81f6","Node name for S&R":"UltimateSDUpscale"},"widgets_values":[2,798552965879392,"randomize",10,1,"deis","normal",0.30000000000000004,"Linear",512,512,16,32,"None",1,64,8,16,true,false],"color":"#154A49FF","bgcolor":"#1F6A69FF","shape":1},{"id":100,"type":"easy ipadapterApplyEncoder","pos":[2320,300],"size":[320,394],"flags":{},"order":29,"mode":0,"inputs":[{"localized_name":"model","name":"model","type":"MODEL","link":180},{"localized_name":"clip_vision","name":"clip_vision","type":"CLIP_VISION","link":179},{"localized_name":"image1","name":"image1","type":"IMAGE","link":177},{"localized_name":"image2","name":"image2","shape":7,"type":"IMAGE","link":238},{"localized_name":"image3","name":"image3","shape":7,"type":"IMAGE","link":null},{"localized_name":"image4","name":"image4","shape":7,"type":"IMAGE","link":null},{"localized_name":"mask1","name":"mask1","shape":7,"type":"MASK","link":null},{"localized_name":"mask2","name":"mask2","shape":7,"type":"MASK","link":null},{"localized_name":"mask3","name":"mask3","shape":7,"type":"MASK","link":null},{"localized_name":"mask4","name":"mask4","shape":7,"type":"MASK","link":null},{"localized_name":"optional_ipadapter","name":"optional_ipadapter","shape":7,"type":"IPADAPTER","link":null},{"localized_name":"pos_embeds","name":"pos_embeds","shape":7,"type":"EMBEDS","link":null},{"localized_name":"neg_embeds","name":"neg_embeds","shape":7,"type":"EMBEDS","link":null},{"localized_name":"preset","name":"preset","type":"COMBO","widget":{"name":"preset"},"link":null},{"localized_name":"num_embeds","name":"num_embeds","type":"INT","widget":{"name":"num_embeds"},"link":null},{"localized_name":"weight1","name":"weight1","shape":7,"type":"FLOAT","widget":{"name":"weight1"},"link":null},{"localized_name":"weight2","name":"weight2","shape":7,"type":"FLOAT","widget":{"name":"weight2"},"link":null},{"localized_name":"weight3","name":"weight3","shape":7,"type":"FLOAT","widget":{"name":"weight3"},"link":null},{"localized_name":"weight4","name":"weight4","shape":7,"type":"FLOAT","widget":{"name":"weight4"},"link":null},{"localized_name":"combine_method","name":"combine_method","shape":7,"type":"COMBO","widget":{"name":"combine_method"},"link":null}],"outputs":[{"localized_name":"model","name":"model","type":"MODEL","links":[181,232]},{"localized_name":"clip_vision","name":"clip_vision","type":"CLIP_VISION","links":null},{"localized_name":"ipadapter","name":"ipadapter","type":"IPADAPTER","links":null},{"localized_name":"pos_embed","name":"pos_embed","type":"EMBEDS","links":null},{"localized_name":"neg_embed","name":"neg_embed","type":"EMBEDS","links":null}],"title":"IPAdapter","properties":{"cnr_id":"comfyui-easy-use","ver":"fa7c5d8b4d964abb9a444ad1c5ab32e127c60f72","Node name for S&R":"easy ipadapterApplyEncoder"},"widgets_values":["REGULAR - FLUX and SD3.5 only (high strength)",2,0.7500000000000001,1,1,1,"average"],"color":"#325153FF","bgcolor":"#487577FF","shape":1},{"id":111,"type":"easy promptConcat","pos":[1710,630],"size":[320,80],"flags":{},"order":24,"mode":0,"inputs":[{"localized_name":"prompt1","name":"prompt1","shape":7,"type":"STRING","link":228},{"localized_name":"prompt2","name":"prompt2","shape":7,"type":"STRING","link":227},{"localized_name":"separator","name":"separator","shape":7,"type":"STRING","widget":{"name":"separator"},"link":null}],"outputs":[{"localized_name":"prompt","name":"prompt","type":"STRING","links":[229]}],"properties":{"cnr_id":"comfyui-easy-use","ver":"fa7c5d8b4d964abb9a444ad1c5ab32e127c60f72","Node name for S&R":"easy promptConcat"},"widgets_values":[","],"color":"#325153FF","bgcolor":"#487577FF","shape":1},{"id":110,"type":"WD14Tagger|pysssss","pos":[1710,300],"size":[320,290],"flags":{},"order":18,"mode":0,"inputs":[{"localized_name":"image","name":"image","type":"IMAGE","link":237},{"localized_name":"model","name":"model","type":"COMBO","widget":{"name":"model"},"link":null},{"localized_name":"threshold","name":"threshold","type":"FLOAT","widget":{"name":"threshold"},"link":null},{"localized_name":"character_threshold","name":"character_threshold","type":"FLOAT","widget":{"name":"character_threshold"},"link":null},{"localized_name":"replace_underscore","name":"replace_underscore","type":"BOOLEAN","widget":{"name":"replace_underscore"},"link":null},{"localized_name":"trailing_comma","name":"trailing_comma","type":"BOOLEAN","widget":{"name":"trailing_comma"},"link":null},{"localized_name":"exclude_tags","name":"exclude_tags","type":"STRING","widget":{"name":"exclude_tags"},"link":null}],"outputs":[{"localized_name":"STRING","name":"STRING","shape":6,"type":"STRING","links":[227,230]}],"title":"Reference to prompt","properties":{"cnr_id":"comfyui-wd14-tagger","ver":"763d833f06956907c3bcf79a28817f7027fa3d74","Node name for S&R":"WD14Tagger|pysssss"},"widgets_values":["wd-v1-4-moat-tagger-v2",0.35,0.85,false,false,"","purple_eyes, outdoors, sky, cloud, no_humans, night, animal, cloudy_sky, grass, mountain, frog, animal_focus, turtle, purple_sky"],"color":"#325153FF","bgcolor":"#487577FF","shape":1},{"id":58,"type":"SaveImage","pos":[2120,800],"size":[520,630],"flags":{},"order":45,"mode":0,"inputs":[{"localized_name":"images","name":"images","type":"IMAGE","link":72},{"localized_name":"filename_prefix","name":"filename_prefix","type":"STRING","widget":{"name":"filename_prefix"},"link":null}],"outputs":[],"properties":{"cnr_id":"comfy-core","ver":"0.3.26","Node name for S&R":"SaveImage"},"widgets_values":["challenge\\grass\\g"],"color":"#182829","bgcolor":"#18575c","shape":1},{"id":1,"type":"SaveImage","pos":[950,800],"size":[530,630],"flags":{},"order":42,"mode":0,"inputs":[{"localized_name":"images","name":"images","type":"IMAGE","link":1},{"localized_name":"filename_prefix","name":"filename_prefix","type":"STRING","widget":{"name":"filename_prefix"},"link":null}],"outputs":[],"properties":{"cnr_id":"comfy-core","ver":"0.3.26","Node name for S&R":"SaveImage"},"widgets_values":["FLUX\\FLUX"],"color":"#19445BFF","bgcolor":"#246283FF","shape":1},{"id":65,"type":"LoadImage","pos":[590,-420],"size":[370,390],"flags":{},"order":12,"mode":0,"inputs":[{"localized_name":"image","name":"image","type":"COMBO","widget":{"name":"image"},"link":null},{"localized_name":"choose file to upload","name":"upload","type":"IMAGEUPLOAD","widget":{"name":"upload"},"link":null}],"outputs":[{"localized_name":"IMAGE","name":"IMAGE","type":"IMAGE","links":[76,177,237,239]},{"localized_name":"MASK","name":"MASK","type":"MASK","links":null}],"properties":{"cnr_id":"comfy-core","ver":"0.3.43","Node name for S&R":"LoadImage"},"widgets_values":["cd (1).png","image"],"color":"#3A220EFF","bgcolor":"#543114FF","shape":1},{"id":66,"type":"LoadImage","pos":[590,10],"size":[370,400],"flags":{},"order":13,"mode":0,"inputs":[{"localized_name":"image","name":"image","type":"COMBO","widget":{"name":"image"},"link":null},{"localized_name":"choose file to upload","name":"upload","type":"IMAGEUPLOAD","widget":{"name":"upload"},"link":null}],"outputs":[{"localized_name":"IMAGE","name":"IMAGE","type":"IMAGE","links":[77,184,238]},{"localized_name":"MASK","name":"MASK","type":"MASK","links":null}],"properties":{"cnr_id":"comfy-core","ver":"0.3.43","Node name for S&R":"LoadImage"},"widgets_values":["cd (14).png","image"],"color":"#3A220EFF","bgcolor":"#543114FF","shape":1},{"id":59,"type":"easy positive","pos":[1350,-420],"size":[310,450],"flags":{},"order":14,"mode":0,"inputs":[{"localized_name":"positive","name":"positive","type":"STRING","widget":{"name":"positive"},"link":null}],"outputs":[{"localized_name":"positive","name":"positive","type":"STRING","links":[228]}],"title":"Scene","properties":{"cnr_id":"comfyui-easy-use","ver":"b1a875b151f3fd76542cdcb9269961ad330dd5ef","Node name for S&R":"easy positive"},"widgets_values":["The frog from the second picture is riding on the turtle from the first picture."],"color":"#1e461e","bgcolor":"#2b652b","shape":1},{"id":64,"type":"ImageStitch","pos":[590,450],"size":[370,160],"flags":{},"order":20,"mode":0,"inputs":[{"localized_name":"image1","name":"image1","type":"IMAGE","link":76},{"localized_name":"image2","name":"image2","shape":7,"type":"IMAGE","link":77},{"localized_name":"direction","name":"direction","type":"COMBO","widget":{"name":"direction"},"link":null},{"localized_name":"match_image_size","name":"match_image_size","type":"BOOLEAN","widget":{"name":"match_image_size"},"link":null},{"localized_name":"spacing_width","name":"spacing_width","type":"INT","widget":{"name":"spacing_width"},"link":null},{"localized_name":"spacing_color","name":"spacing_color","type":"COMBO","widget":{"name":"spacing_color"},"link":null}],"outputs":[{"localized_name":"IMAGE","name":"IMAGE","type":"IMAGE","links":[78]}],"properties":{"cnr_id":"comfy-core","ver":"0.3.40","Node name for S&R":"ImageStitch"},"widgets_values":["right",false,0,"black"],"color":"#3A220EFF","bgcolor":"#543114FF","shape":1}],"links":[[1,28,0,1,0,"IMAGE"],[5,12,0,8,0,"SAMPLER"],[8,49,0,11,0,"MODEL"],[9,8,0,13,0,"SAMPLER"],[10,11,0,14,0,"SIGMAS"],[11,4,0,15,0,"INT"],[12,5,0,15,1,"INT"],[27,38,0,28,0,"LATENT"],[36,35,0,38,0,"NOISE"],[38,13,0,38,2,"SAMPLER"],[39,14,0,38,3,"SIGMAS"],[40,15,0,38,4,"LATENT"],[44,38,0,40,0,"LATENT"],[56,4,0,49,3,"INT"],[57,5,0,49,4,"INT"],[58,40,0,50,0,"IMAGE"],[61,7,0,50,3,"CONDITIONING"],[63,52,0,50,5,"UPSCALE_MODEL"],[72,50,0,58,0,"IMAGE"],[76,65,0,64,0,"IMAGE"],[77,66,0,64,1,"IMAGE"],[78,64,0,67,0,"IMAGE"],[79,67,0,68,0,"IMAGE"],[80,68,0,69,1,"LATENT"],[95,51,0,42,0,"CLIP"],[97,63,0,71,0,"MODEL"],[102,10,0,28,1,"VAE"],[103,10,0,40,1,"VAE"],[104,10,0,50,4,"VAE"],[105,10,0,68,1,"VAE"],[106,48,0,7,0,"CONDITIONING"],[107,48,0,50,2,"CONDITIONING"],[108,49,0,50,1,"MODEL"],[110,73,0,72,0,"CLIP_VISION"],[111,72,0,74,1,"CLIP_VISION_OUTPUT"],[136,42,0,74,0,"CONDITIONING"],[177,65,0,100,2,"IMAGE"],[179,73,0,100,1,"CLIP_VISION"],[180,71,0,100,0,"MODEL"],[181,100,0,49,0,"MODEL"],[184,66,0,104,0,"IMAGE"],[201,48,0,9,1,"CONDITIONING"],[213,69,0,48,0,"CONDITIONING"],[214,49,0,9,0,"MODEL"],[220,74,0,69,0,"CONDITIONING"],[221,9,0,38,1,"GUIDER"],[223,28,0,103,0,"IMAGE"],[224,103,0,50,14,"INT"],[225,103,1,50,15,"INT"],[227,110,0,111,1,"STRING"],[228,59,0,111,0,"STRING"],[229,111,0,42,1,"STRING"],[230,110,0,112,0,"*"],[231,74,0,112,1,"*"],[232,100,0,112,2,"*"],[233,62,0,115,0,"*"],[234,114,0,115,1,"*"],[235,115,0,63,0,"MODEL"],[236,116,0,115,2,"BOOLEAN"],[237,65,0,110,0,"IMAGE"],[238,66,0,100,3,"IMAGE"],[239,65,0,72,1,"IMAGE"]],"groups":[{"id":1,"title":"Loader","bounding":[980,-490,350,1210],"color":"#0080c0","font_size":24,"flags":{}},{"id":2,"title":"_Model settings","bounding":[1680,-490,330,530],"color":"#8020df","font_size":24,"flags":{}},{"id":3,"title":"Conditioning","bounding":[1340,50,1000,170],"color":"#b58b2a","font_size":24,"flags":{}},{"id":4,"title":"1st Pass","bounding":[580,730,910,710],"color":"#3f789e","font_size":24,"flags":{}},{"id":5,"title":"Sampler settings","bounding":[2020,-490,320,530],"color":"#800040","font_size":24,"flags":{}},{"id":6,"title":"Init","bounding":[580,-490,390,1210],"color":"#b06634","font_size":24,"flags":{}},{"id":7,"title":"_Upscale","bounding":[1500,730,1150,710],"color":"#008080","font_size":24,"flags":{}},{"id":9,"title":"_Detail sigma","bounding":[2350,-490,300,710],"color":"#b4828c","font_size":24,"flags":{}},{"id":12,"title":"Model settings","bounding":[1340,-490,330,530],"color":"#2b652b","font_size":24,"flags":{}},{"id":13,"title":"Clip vision and IPAdapter","bounding":[1700,230,950,490],"color":"#487577FF","font_size":24,"flags":{}},{"id":15,"title":"Switches","bounding":[1340,230,350,490],"color":"#3c3c83","font_size":24,"flags":{}}],"config":{},"extra":{"ds":{"scale":1,"offset":[88.24916061051312,-92.92769428886754]},"groupNodes":{"2RandomColorName":{"nodes":[{"id":-1,"type":"CR Random Hex Color","pos":[-4776.6796875,-2625.324951171875],"size":[315,162],"flags":{},"order":37,"mode":0,"inputs":[{"name":"seed","localized_name":"seed","type":"INT","widget":{"name":"seed"},"link":null}],"outputs":[{"name":"hex_color1","localized_name":"hex_color1","type":"STRING","links":[],"slot_index":0},{"name":"hex_color2","localized_name":"hex_color2","type":"STRING","links":[],"slot_index":1},{"name":"hex_color3","localized_name":"hex_color3","type":"STRING","links":null},{"name":"hex_color4","localized_name":"hex_color4","type":"STRING","links":null},{"name":"show_help","localized_name":"show_help","type":"STRING","links":null}],"properties":{"cnr_id":"comfyroll","ver":"d78b780ae43fcf8c6b7c6505e6ffb4584281ceca","Node name for S&R":"CR Random Hex Color","ttNbgOverride":{"color":"#1f1f48","bgcolor":"rgba(24,24,27,.9)","groupcolor":"#88A"}},"widgets_values":[792805013199830,"randomize"],"color":"#1f1f48","bgcolor":"rgba(24,24,27,.9)","index":0},{"id":-1,"type":"LayerUtility: ColorName","pos":[-4426.6796875,-2645.324951171875],"size":[315,82],"flags":{},"order":59,"mode":0,"inputs":[{"name":"color","type":"STRING","widget":{"name":"color"},"link":null,"localized_name":"color"},{"name":"palette","localized_name":"palette","type":"COMBO","widget":{"name":"palette"},"link":null}],"outputs":[{"name":"color_name","localized_name":"color_name","type":"STRING","links":[],"slot_index":0}],"properties":{"cnr_id":"comfyui_layerstyle","ver":"7b326d13e43fc4022cd80e472c7af67027409b1e","Node name for S&R":"LayerUtility: ColorName"},"widgets_values":["#000000","flux_sdxl"],"color":"rgba(38, 73, 116, 0.7)","index":1},{"id":-1,"type":"LayerUtility: ColorName","pos":[-4426.6796875,-2505.324951171875],"size":[315,82],"flags":{},"order":60,"mode":0,"inputs":[{"name":"color","type":"STRING","widget":{"name":"color"},"link":null,"localized_name":"color"},{"name":"palette","localized_name":"palette","type":"COMBO","widget":{"name":"palette"},"link":null}],"outputs":[{"name":"color_name","localized_name":"color_name","type":"STRING","links":[],"slot_index":0}],"properties":{"cnr_id":"comfyui_layerstyle","ver":"7b326d13e43fc4022cd80e472c7af67027409b1e","Node name for S&R":"LayerUtility: ColorName"},"widgets_values":["#000000","flux_sdxl"],"color":"rgba(38, 73, 116, 0.7)","index":2},{"id":-1,"type":"CR Text Concatenate","pos":[-4086.6796875,-2645.324951171875],"size":[315,126],"flags":{},"order":70,"mode":0,"inputs":[{"name":"text1","type":"STRING","shape":7,"link":null,"localized_name":"text1"},{"name":"text2","type":"STRING","shape":7,"link":null,"localized_name":"text2"},{"name":"separator","localized_name":"separator","type":"STRING","shape":7,"widget":{"name":"separator"},"link":null}],"outputs":[{"name":"STRING","localized_name":"STRING","type":"*","links":[],"slot_index":0},{"name":"show_help","localized_name":"show_help","type":"STRING","links":null}],"properties":{"cnr_id":"comfyroll","ver":"d78b780ae43fcf8c6b7c6505e6ffb4584281ceca","Node name for S&R":"CR Text Concatenate","ttNbgOverride":{"color":"#1f1f48","bgcolor":"rgba(24,24,27,.9)","groupcolor":"#88A"}},"widgets_values":[" and "],"color":"#1f1f48","bgcolor":"rgba(24,24,27,.9)","index":3}],"links":[[0,0,1,0,651,"STRING"],[0,1,2,0,651,"STRING"],[1,0,3,0,652,"STRING"],[2,0,3,1,653,"STRING"]],"external":[],"config":{"0":{"output":{"2":{"visible":false},"3":{"visible":false},"4":{"visible":false}}},"1":{"input":{"color":{"visible":false},"palette":{"visible":true,"name":"palette1"}}},"2":{"input":{"color":{"visible":false},"palette":{"visible":true,"name":"palette2"}}},"3":{"output":{"1":{"visible":false}}}}}}},"version":0.4}